{
  "snapshot_metadata": {
    "timestamp": "2024-01-15T12:35:00Z",
    "snapshot_id": "SAASPYPE_SNAPSHOT_001",
    "project_name": "SaaSpype",
    "devkit_version": "1.0.1",
    "snapshot_type": "FULL_SYSTEM_STATE",
    "created_by": "reflexion-agent",
    "description": "Complete system snapshot after legacy agent upgrades and full compliance achievement"
  },
  
  "project_overview": {
    "name": "SaaSpype",
    "type": "SaaS Web Application",
    "description": "Scale Your SaaS Dreams - Complete SaaS platform with landing page and admin panel",
    "tech_stack": {
      "backend": "FastAPI + Python 3.8+",
      "frontend": "HTML5 + Tailwind CSS + Vanilla JavaScript",
      "data_storage": "JSON-based memory simulation via Shelli Devkit",
      "server": "Uvicorn ASGI server"
    },
    "current_phase": "autonomous_optimization",
    "operational_status": "FULLY_ACTIVE"
  },
  
  "server_status": {
    "backend_server": {
      "status": "RUNNING",
      "url": "http://localhost:8001",
      "framework": "FastAPI",
      "process_id": 7260,
      "reloader_process_id": 14280,
      "auto_reload": true,
      "watch_directories": ["C:\\Users\\pette\\Documents\\saaspypev2\\shelli-devkit-v1.0.1\\saaspype"]
    },
    "frontend_server": {
      "status": "AVAILABLE",
      "url": "http://localhost:8000",
      "type": "Static HTML",
      "admin_panel": "http://localhost:8000/admin.html"
    },
    "demo_credentials": {
      "admin_email": "admin@saaspype.com",
      "admin_password": "admin123",
      "security_note": "DEMO ONLY - Requires security hardening for production"
    }
  },
  
  "agent_ecosystem": {
    "total_agents": 11,
    "operational_agents": 11,
    "compliance_level": "Shelli Devkit v1.0.1+",
    "self_healing_enabled": true,
    "boomerang_protocol_status": "FULLY_ACTIVE",
    
    "agent_inventory": {
      "primary_specialists": [
        {
          "name": "Frontend Specialist",
          "agent_id": "frontend-specialist",
          "version": "1.0.0",
          "status": "OPERATIONAL",
          "health_score": 100,
          "responsibilities": ["UI/UX", "responsive design", "conversion optimization"],
          "file_patterns": ["src/frontend/**/*", "*.html", "*.css", "*.js"],
          "handoff_targets": ["growth-hacker", "backend-specialist", "product-strategist"]
        },
        {
          "name": "Backend Specialist",
          "agent_id": "backend-specialist",
          "version": "1.0.0",
          "status": "OPERATIONAL",
          "health_score": 100,
          "responsibilities": ["FastAPI development", "API endpoints", "data management"],
          "file_patterns": ["src/api/**/*", "**/*server*", "**/*backend*"],
          "handoff_targets": ["api-security-agent", "memory-architect", "frontend-specialist"]
        },
        {
          "name": "API Security Agent",
          "agent_id": "api-security-agent",
          "version": "1.0.0",
          "status": "OPERATIONAL",
          "health_score": 100,
          "responsibilities": ["authentication", "security hardening", "input validation"],
          "file_patterns": ["src/api/main.py", "**/*auth*", "**/*security*"],
          "handoff_targets": ["backend-specialist", "reflexion-agent", "memory-architect"]
        },
        {
          "name": "Memory Architect",
          "agent_id": "memory-architect",
          "version": "1.0.0",
          "status": "OPERATIONAL",
          "health_score": 100,
          "responsibilities": ["memory optimization", "data structures", "session management"],
          "file_patterns": ["memory/**/*", "**/*memory*", "**/*data*"],
          "handoff_targets": ["backend-specialist", "product-strategist", "reflexion-agent"]
        },
        {
          "name": "Product Strategist",
          "agent_id": "product-strategist",
          "version": "1.0.0",
          "status": "OPERATIONAL",
          "health_score": 100,
          "responsibilities": ["product vision", "UX strategy", "business alignment"],
          "file_patterns": ["PRD.md", "README.md", "src/frontend/index.html"],
          "handoff_targets": ["frontend-specialist", "growth-hacker", "monetization-agent"]
        },
        {
          "name": "Monetization Agent",
          "agent_id": "monetization-agent",
          "version": "1.0.0",
          "status": "OPERATIONAL",
          "health_score": 100,
          "responsibilities": ["pricing strategy", "revenue optimization", "subscription models"],
          "file_patterns": ["**/*pricing*", "**/*subscription*", "**/*payment*"],
          "handoff_targets": ["product-strategist", "frontend-specialist", "backend-specialist"]
        },
        {
          "name": "Growth Hacker",
          "agent_id": "growth-hacker",
          "version": "1.0.0",
          "status": "OPERATIONAL",
          "health_score": 100,
          "responsibilities": ["conversion optimization", "user acquisition", "A/B testing"],
          "file_patterns": ["src/frontend/index.html", "**/*landing*", "**/*signup*"],
          "handoff_targets": ["frontend-specialist", "product-strategist", "monetization-agent"]
        },
        {
          "name": "Reflexion Agent",
          "agent_id": "reflexion-agent",
          "version": "1.0.0",
          "status": "OPERATIONAL",
          "health_score": 100,
          "responsibilities": ["quality assurance", "system monitoring", "continuous improvement"],
          "file_patterns": ["**/*"],
          "handoff_targets": ["dynamic_based_on_issues"],
          "special_capabilities": ["recursive_self_repair", "system_wide_monitoring"]
        }
      ],
      
      "legacy_agents_upgraded": [
        {
          "name": "Master Deployer",
          "agent_id": "master-deployer",
          "version": "1.0.1",
          "status": "OPERATIONAL",
          "health_score": 100,
          "responsibilities": ["project initialization", "onboarding", "memory setup"],
          "upgrade_completed": "2024-01-15T12:30:00Z",
          "handoff_targets": ["orchestrator", "memory-architect", "reflexion-agent"]
        },
        {
          "name": "Backend",
          "agent_id": "backend",
          "version": "1.0.1",
          "status": "OPERATIONAL",
          "health_score": 100,
          "responsibilities": ["FastAPI development", "database design", "API architecture"],
          "upgrade_completed": "2024-01-15T12:30:00Z",
          "handoff_targets": ["api-security-agent", "frontend-specialist", "memory-architect"]
        },
        {
          "name": "Orchestrator",
          "agent_id": "orchestrator",
          "version": "1.0.1",
          "status": "OPERATIONAL",
          "health_score": 100,
          "responsibilities": ["project coordination", "specialist management", "timeline tracking"],
          "upgrade_completed": "2024-01-15T12:30:00Z",
          "handoff_targets": ["product-strategist", "reflexion-agent", "memory-architect"]
        }
      ]
    }
  },
  
  "application_architecture": {
    "frontend": {
      "status": "COMPLETE",
      "components": {
        "landing_page": {
          "file": "src/frontend/index.html",
          "features": ["hero section", "features showcase", "pricing display", "contact form", "signup modal"],
          "styling": "Tailwind CSS with custom gradients",
          "responsiveness": "Mobile-first design"
        },
        "admin_panel": {
          "file": "src/frontend/admin.html",
          "features": ["dashboard", "user management", "analytics", "contact management"],
          "authentication": "JWT-based login"
        },
        "javascript": {
          "main_script": "src/frontend/js/main.js",
          "admin_script": "src/frontend/js/admin.js",
          "features": ["API integration", "form handling", "modal management", "dynamic content"]
        }
      }
    },
    
    "backend": {
      "status": "COMPLETE",
      "components": {
        "api_server": {
          "file": "src/api/main.py",
          "framework": "FastAPI",
          "features": ["CORS enabled", "JWT authentication", "memory simulation", "Pydantic validation"],
          "endpoints": {
            "public": ["/", "/health", "/api/pricing", "/api/contact", "/api/signup"],
            "admin": ["/api/admin/login", "/api/admin/dashboard", "/api/admin/users", "/api/admin/contacts"]
          }
        },
        "data_simulation": {
          "type": "JSON-based memory store",
          "file": "memory/saaspype-data.json",
          "entities": ["users", "contacts", "subscriptions", "analytics", "admin_users"]
        }
      }
    },
    
    "memory_system": {
      "status": "FULLY_OPERATIONAL",
      "components": {
        "current_context": "memory/current-context.json",
        "session_history": "memory/session-history.json",
        "agent_log": "memory/agent-log.jsonl",
        "data_storage": "memory/saaspype-data.json",
        "working_memory": "working-memory/",
        "coordination": "working-memory/agent-coordination.json",
        "verification": "working-memory/self-verification-report.json"
      }
    }
  },
  
  "boomerang_protocol_status": {
    "activation_status": "FULLY_ACTIVE",
    "compliance_level": "100%",
    "features": {
      "recursive_reflection": true,
      "memory_integration": true,
      "handoff_protocols": true,
      "self_diagnostic": true,
      "auto_repair": true,
      "agent_coordination": true
    },
    
    "self_healing_capabilities": {
      "auto_repair_enabled": true,
      "recursive_repair_enabled": true,
      "agent_restoration_enabled": true,
      "memory_recovery_enabled": true,
      "escalation_protocols_active": true
    }
  },
  
  "system_health_metrics": {
    "overall_health_score": 100,
    "operational_agents": 11,
    "degraded_agents": 0,
    "incomplete_agents": 0,
    "offline_agents": 0,
    "memory_connectivity": "STABLE",
    "handoff_protocol_status": "ACTIVE",
    "self_healing_coverage": "100%"
  },
  
  "identified_issues": {
    "critical_security_vulnerabilities": [
      {
        "issue": "Hardcoded admin credentials",
        "severity": "HIGH",
        "location": "src/api/main.py, memory/saaspype-data.json",
        "assigned_agent": "api-security-agent",
        "status": "PENDING"
      },
      {
        "issue": "Static JWT token without expiration",
        "severity": "HIGH",
        "location": "src/api/main.py",
        "assigned_agent": "api-security-agent",
        "status": "PENDING"
      },
      {
        "issue": "CORS wildcard configuration",
        "severity": "MEDIUM",
        "location": "src/api/main.py",
        "assigned_agent": "api-security-agent",
        "status": "PENDING"
      }
    ],
    
    "ux_improvements_needed": [
      {
        "issue": "Missing plan selection in signup modal",
        "severity": "MEDIUM",
        "location": "src/frontend/index.html",
        "assigned_agent": "frontend-specialist",
        "status": "PENDING"
      },
      {
        "issue": "No mobile navigation menu",
        "severity": "MEDIUM",
        "location": "src/frontend/index.html",
        "assigned_agent": "frontend-specialist",
        "status": "PENDING"
      },
      {
        "issue": "Missing loading states for forms",
        "severity": "LOW",
        "location": "src/frontend/js/main.js",
        "assigned_agent": "frontend-specialist",
        "status": "PENDING"
      }
    ],
    
    "backend_enhancements": [
      {
        "issue": "Missing subscription creation endpoints",
        "severity": "MEDIUM",
        "location": "src/api/main.py",
        "assigned_agent": "backend-specialist",
        "status": "PENDING"
      },
      {
        "issue": "Limited error handling and validation",
        "severity": "MEDIUM",
        "location": "src/api/main.py",
        "assigned_agent": "backend-specialist",
        "status": "PENDING"
      }
    ]
  },
  
  "active_task_queue": {
    "high_priority": [
      {
        "task": "security_hardening",
        "agent": "api-security-agent",
        "estimated_effort": "2-4 hours",
        "dependencies": []
      },
      {
        "task": "frontend_ux_improvements",
        "agent": "frontend-specialist",
        "estimated_effort": "3-5 hours",
        "dependencies": []
      },
      {
        "task": "conversion_optimization",
        "agent": "growth-hacker",
        "estimated_effort": "2-3 hours",
        "dependencies": ["frontend_ux_improvements"]
      }
    ],
    
    "medium_priority": [
      {
        "task": "backend_enhancements",
        "agent": "backend-specialist",
        "estimated_effort": "3-4 hours",
        "dependencies": ["security_hardening"]
      },
      {
        "task": "monetization_workflow",
        "agent": "monetization-agent",
        "estimated_effort": "2-3 hours",
        "dependencies": ["backend_enhancements"]
      }
    ],
    
    "ongoing": [
      {
        "task": "quality_assurance_monitoring",
        "agent": "reflexion-agent",
        "estimated_effort": "continuous",
        "dependencies": []
      }
    ]
  },
  
  "file_structure": {
    "root_files": [
      "PRD.md",
      "README.md", 
      "requirements.txt",
      "serve_frontend.py",
      "shelli.config.json",
      "start_server.py"
    ],
    
    "directories": {
      "src/": {
        "api/": ["main.py"],
        "frontend/": {
          "files": ["index.html", "admin.html"],
          "js/": ["main.js", "admin.js"]
        }
      },
      "memory/": [
        "current-context.json",
        "session-history.json", 
        "agent-log.jsonl",
        "saaspype-data.json"
      ],
      "working-memory/": [
        "agent-coordination.json",
        "self-verification-report.json",
        "system-snapshot.json"
      ],
      ".cursor/mdc/": [
        "frontend-specialist.mdc",
        "backend-specialist.mdc",
        "api-security-agent.mdc",
        "memory-architect.mdc",
        "product-strategist.mdc",
        "monetization-agent.mdc",
        "growth-hacker.mdc",
        "reflexion-agent.mdc",
        "master-deployer.mdc",
        "backend.mdc",
        "orchestrator.mdc"
      ]
    }
  },
  
  "next_steps": {
    "immediate_actions": [
      "Execute security hardening (API Security Agent)",
      "Implement UX improvements (Frontend Specialist)",
      "Add conversion optimization elements (Growth Hacker)"
    ],
    
    "short_term_goals": [
      "Complete backend enhancements",
      "Implement subscription workflow",
      "Add comprehensive testing"
    ],
    
    "long_term_vision": [
      "Production deployment readiness",
      "Advanced analytics implementation",
      "Scalability optimization"
    ]
  },
  
  "snapshot_summary": {
    "system_status": "FULLY_OPERATIONAL",
    "compliance_status": "100% Shelli Devkit v1.0.1+ Compliant",
    "agent_ecosystem": "11 agents operational with full autonomous capabilities",
    "self_healing": "Active with recursive repair capabilities",
    "development_readiness": "Ready for autonomous optimization and enhancement",
    "production_readiness": "Requires security hardening and testing",
    "estimated_completion": "16-25 hours for full production readiness"
  }
} 