{
  "refactor_progress_metadata": {
    "created": "2025-01-14T21:00:00Z",
    "updated": "2025-01-14T21:55:00Z",
    "type": "MASTER_REFACTOR_PROGRESS_TRACKER",
    "purpose": "Track progress through master-refactor-execution-plan.json ONLY",
    "session_continuity": true,
    "auto_resume": true,
    "note": "Conflicting plans archived - using master-refactor-execution-plan.json as single source of truth"
  },
  
  "current_status": {
    "overall_phase": "READY_TO_START",
    "current_phase": "phase_1_root_refactor",
    "current_step": "step_1_backup",
    "completion_percentage": "0%",
    "last_checkpoint": "2025-01-14T21:55:00Z",
    "next_action": "Create backup and begin root directory refactoring using master-refactor-execution-plan.json",
    "estimated_remaining": "4-5 hours total",
    "conflicting_plans_status": "ARCHIVED - Only master plan active"
  },
  
  "phase_completion": {
    "phase_1_root_refactor": {
      "status": "NOT_STARTED",
      "steps_completed": 0,
      "total_steps": 10,
      "step_progress": {
        "step_1_backup": "PENDING",
        "step_2_create_structure": "PENDING",
        "step_3_move_test_files": "PENDING",
        "step_4_move_documentation": "PENDING",
        "step_5_move_scripts": "PENDING",
        "step_6_move_data_files": "PENDING",
        "step_7_move_tools": "PENDING",
        "step_8_move_configs": "PENDING",
        "step_9_update_docker_paths": "PENDING",
        "step_10_validation": "PENDING"
      }
    },
    
    "phase_2_subfolder_refactor": {
      "status": "NOT_STARTED",
      "steps_completed": 0,
      "total_steps": 5,
      "step_progress": {
        "step_1_api_structure": "PENDING",
        "step_2_service_splitting": "PENDING",
        "step_3_frontend_organization": "PENDING",
        "step_4_memory_organization": "PENDING",
        "step_5_final_validation": "PENDING"
      }
    }
  },
  
  "execution_log": {
    "actions_taken": [],
    "checkpoints": [],
    "issues_encountered": [],
    "rollbacks_performed": []
  },
  
  "auto_resume_data": {
    "greeting_responses": [
      "hi",
      "hello",
      "continue refactor", 
      "continue refactoring",
      "what's the refactor status",
      "resume refactor",
      "where are we with refactoring"
    ],
    
    "status_message_template": "📋 **Refactor Status**: {current_phase} - {current_step} ({completion_percentage} complete)\n🎯 **Next Action**: {next_action}\n⏱️ **Estimated Remaining**: {estimated_remaining}\n\nReady to continue refactoring. Shall I proceed with the next step?",
    
    "completion_message": "🎉 **Refactoring Complete!** Professional project structure is ready.\n🚀 **Next Milestone**: Begin Phase 6 Sprint 1 (Advanced Analytics Dashboard)\n📊 **Structure**: Root directory clean + Domain-driven architecture\n\nReady to begin Phase 6 development?"
  },
  
  "validation_checkpoints": {
    "after_step_3": "Verify no test_*.py files remain in root",
    "after_step_4": "Verify documentation properly organized",
    "after_step_9": "Verify docker-compose build succeeds",
    "after_step_10": "Verify root directory only has essential files",
    "after_phase_1": "Complete root refactor validation",
    "after_phase_2": "Complete subfolder refactor validation"
  },
  
  "backup_information": {
    "backup_location": "backups/pre-refactor-{timestamp}/",
    "backup_created": false,
    "backup_verified": false,
    "rollback_available": false
  },
  
  "immediate_instructions": {
    "if_user_says_start": [
      "Begin with phase_1_root_refactor step_1_backup",
      "Create backup directory with timestamp",
      "Copy all files to backup location",
      "Update progress tracker with backup completion"
    ],
    
    "if_user_says_continue": [
      "Load current_step from progress tracker",
      "Execute next step in sequence",
      "Update progress after completion", 
      "Run validation checkpoint if applicable"
    ],
    
    "if_issues_occur": [
      "Log issue in execution_log",
      "Stop current step execution",
      "Assess rollback necessity",
      "Ask user for guidance"
    ]
  }
} 