{
  "phase_6_metadata": {
    "created": "2025-01-14T20:00:00Z",
    "version": "1.0",
    "type": "PHASE_6_ADVANCED_FEATURES_ROADMAP",
    "status": "READY_FOR_EXECUTION",
    "priority": "IMMEDIATE",
    "foundation": "Revolutionary streaming pipeline (960.1 signals/sec) + Full authentication + Docker ready",
    "strategic_goal": "Transform SaaSpype into industry-leading business intelligence platform"
  },
  
  "current_foundation": {
    "streaming_performance": "960.1 signals/sec sustained (88k burst)",
    "authentication_system": "100% validated JWT enterprise security",
    "discovery_engine": "100% operational with Reddit API integration",
    "docker_infrastructure": "Production-ready containerization complete",
    "api_endpoints": "20 active endpoints with interactive documentation",
    "development_environment": "Fully operational local development setup",
    "performance_benchmarks": "Industry-leading across all metrics"
  },
  
  "phase_6_vision": {
    "mission": "Build advanced analytics, monitoring, and user management features that showcase our revolutionary capabilities",
    "target_market": "Enterprise customers seeking advanced business intelligence",
    "competitive_advantage": "Sub-millisecond processing + Real-time insights + Predictive analytics",
    "revenue_impact": "Enable premium pricing tiers ($99-$499/month)"
  },
  
  "implementation_strategy": {
    "approach": "Build high-impact features that leverage our revolutionary streaming performance",
    "timeline": "8-12 weeks total across 4 sprints",
    "focus": "Advanced Analytics → Production Monitoring → Enhanced User Management → API Marketplace",
    "success_criteria": "Demonstrable enterprise-grade capabilities with measurable performance advantages"
  },
  
  "sprint_breakdown": {
    "sprint_1_advanced_analytics": {
      "duration": "2-3 weeks",
      "priority": "HIGHEST",
      "goal": "Build real-time analytics dashboard that showcases our revolutionary streaming performance",
      "strategic_value": "Transforms raw streaming power into visible business value",
      
      "features": {
        "real_time_trend_dashboard": {
          "description": "Live visualization of our 960.1 signals/sec streaming pipeline",
          "components": [
            "WebSocket-powered live charts",
            "Real-time signal flow visualization", 
            "Pattern detection display",
            "Anomaly detection alerts",
            "Performance metrics dashboard"
          ],
          "technical_requirements": [
            "Chart.js or D3.js integration",
            "WebSocket client implementation",
            "Real-time data buffering",
            "Mobile-responsive design"
          ],
          "success_metrics": [
            "Sub-second chart updates",
            "Handle 1000+ concurrent signals",
            "99.9% uptime",
            "Mobile responsive"
          ]
        },
        
        "predictive_analytics_engine": {
          "description": "AI-powered business opportunity predictions using our advanced pattern detection",
          "components": [
            "Trend prediction algorithms",
            "Business opportunity scoring",
            "Market timing recommendations",
            "Risk assessment models",
            "Confidence interval calculations"
          ],
          "technical_requirements": [
            "Machine learning model integration",
            "Historical data analysis",
            "Prediction confidence scoring",
            "API endpoint for predictions"
          ],
          "success_metrics": [
            "80%+ prediction accuracy",
            "5-15 minute forecast horizon",
            "Business relevance scoring",
            "Real-time model updates"
          ]
        },
        
        "interactive_business_reports": {
          "description": "Dynamic reports that update in real-time with our streaming data",
          "components": [
            "Automated report generation",
            "Custom KPI tracking",
            "Export functionality (PDF/Excel)",
            "Scheduled report delivery",
            "Executive summary generation"
          ],
          "technical_requirements": [
            "Report template engine",
            "Data visualization library",
            "Export/email integration",
            "Scheduling system"
          ],
          "success_metrics": [
            "Reports update in real-time",
            "Professional presentation quality",
            "Multiple export formats",
            "Automated delivery working"
          ]
        }
      },
      
      "deliverables": [
        "Real-time analytics dashboard",
        "Predictive analytics API endpoints",
        "Interactive report generation system",
        "Live performance monitoring",
        "Mobile-responsive interface"
      ],
      
      "technical_implementation": {
        "frontend": [
          "Create analytics dashboard UI (Tailwind CSS)",
          "Implement WebSocket client for real-time updates",
          "Build interactive charts and visualizations",
          "Add mobile responsiveness"
        ],
        "backend": [
          "Extend streaming pipeline for analytics data",
          "Create prediction model endpoints",
          "Build report generation service",
          "Add WebSocket broadcasting for dashboard"
        ],
        "database": [
          "Analytics data schema",
          "Historical trend storage",
          "Report template storage",
          "User preference storage"
        ]
      }
    },
    
    "sprint_2_production_monitoring": {
      "duration": "2-3 weeks",
      "priority": "HIGH",
      "goal": "Build enterprise-grade monitoring and observability system",
      "strategic_value": "Enables enterprise deployment with confidence and reliability",
      
      "features": {
        "system_health_monitoring": {
          "description": "Comprehensive monitoring of our revolutionary streaming performance",
          "components": [
            "Performance metrics collection",
            "Health check endpoints",
            "Resource utilization tracking",
            "Error rate monitoring",
            "Uptime tracking"
          ],
          "technical_requirements": [
            "Prometheus metrics integration",
            "Grafana dashboard setup",
            "Alert manager configuration",
            "Log aggregation system"
          ],
          "success_metrics": [
            "99.9% monitoring coverage",
            "Sub-second alert generation",
            "Comprehensive metrics collection",
            "Historical trend analysis"
          ]
        },
        
        "intelligent_alerting_system": {
          "description": "Smart alerts that leverage our anomaly detection capabilities",
          "components": [
            "Custom alert rules engine",
            "Multi-channel notifications (email, Slack, SMS)",
            "Alert severity classification",
            "Escalation procedures",
            "Alert fatigue prevention"
          ],
          "technical_requirements": [
            "Alert rule configuration system",
            "Notification service integration",
            "Alert correlation engine",
            "Webhook support"
          ],
          "success_metrics": [
            "99% alert accuracy",
            "Multi-channel delivery",
            "Configurable thresholds",
            "Zero false positive goals"
          ]
        },
        
        "performance_analytics": {
          "description": "Deep insights into system performance and optimization opportunities",
          "components": [
            "Performance trend analysis",
            "Bottleneck identification",
            "Capacity planning tools",
            "Optimization recommendations",
            "Benchmark comparisons"
          ],
          "technical_requirements": [
            "Performance data collection",
            "Analysis algorithms",
            "Reporting dashboard",
            "Recommendation engine"
          ],
          "success_metrics": [
            "Accurate bottleneck detection",
            "Actionable recommendations",
            "Performance trend visibility",
            "Capacity planning accuracy"
          ]
        }
      },
      
      "deliverables": [
        "Comprehensive monitoring dashboard",
        "Intelligent alerting system",
        "Performance analytics platform",
        "Health check automation",
        "Enterprise-grade observability"
      ]
    },
    
    "sprint_3_enhanced_user_management": {
      "duration": "2-3 weeks",
      "priority": "MEDIUM-HIGH",
      "goal": "Build enterprise user management with role-based access and team features",
      "strategic_value": "Enables enterprise sales and team collaboration features",
      
      "features": {
        "role_based_access_control": {
          "description": "Enterprise-grade RBAC system for team environments",
          "components": [
            "Role definition system",
            "Permission management",
            "Team organization structure",
            "Access control enforcement",
            "Audit logging"
          ],
          "technical_requirements": [
            "RBAC database schema",
            "Permission checking middleware",
            "Role management UI",
            "Audit trail system"
          ],
          "success_metrics": [
            "Granular permission control",
            "Team management functionality",
            "Complete audit trail",
            "Enterprise security compliance"
          ]
        },
        
        "team_collaboration_features": {
          "description": "Advanced collaboration tools for business intelligence teams",
          "components": [
            "Shared dashboards",
            "Team annotations and comments",
            "Collaborative report building",
            "Team activity feeds",
            "Shared alert configurations"
          ],
          "technical_requirements": [
            "Collaboration database schema",
            "Real-time collaboration features",
            "Comment and annotation system",
            "Activity tracking"
          ],
          "success_metrics": [
            "Real-time collaboration",
            "Team productivity features",
            "Shared workspace functionality",
            "Activity visibility"
          ]
        },
        
        "api_key_management": {
          "description": "Professional API key management for enterprise integrations",
          "components": [
            "API key generation and rotation",
            "Usage tracking and quotas",
            "Rate limiting configuration",
            "Integration webhooks",
            "Developer documentation"
          ],
          "technical_requirements": [
            "API key database schema",
            "Usage tracking system",
            "Rate limiting implementation",
            "Webhook infrastructure"
          ],
          "success_metrics": [
            "Secure key management",
            "Accurate usage tracking",
            "Configurable rate limits",
            "Enterprise integration ready"
          ]
        }
      },
      
      "deliverables": [
        "RBAC system implementation",
        "Team collaboration platform",
        "API key management system", 
        "Enterprise user dashboard",
        "Integration webhook system"
      ]
    },
    
    "sprint_4_api_marketplace": {
      "duration": "2-3 weeks",
      "priority": "MEDIUM",
      "goal": "Create API marketplace and monetization platform",
      "strategic_value": "Enables direct revenue generation and API ecosystem",
      
      "features": {
        "api_marketplace_platform": {
          "description": "Marketplace for accessing our revolutionary business intelligence APIs",
          "components": [
            "API catalog and documentation",
            "Usage-based pricing tiers",
            "Developer onboarding flow",
            "API testing sandbox",
            "Integration examples"
          ],
          "technical_requirements": [
            "API documentation system",
            "Pricing engine integration",
            "Developer portal UI",
            "Sandbox environment"
          ],
          "success_metrics": [
            "Professional API documentation",
            "Self-service onboarding",
            "Functional testing sandbox",
            "Clear pricing structure"
          ]
        },
        
        "usage_based_billing": {
          "description": "Automated billing system for API usage and subscriptions",
          "components": [
            "Usage tracking and metering",
            "Subscription management",
            "Automated billing cycles",
            "Payment processing integration",
            "Invoice generation"
          ],
          "technical_requirements": [
            "Billing system integration (Stripe)",
            "Usage metering infrastructure",
            "Subscription management system",
            "Invoice generation service"
          ],
          "success_metrics": [
            "Accurate usage tracking",
            "Automated billing cycles",
            "Payment processing integration",
            "Professional invoicing"
          ]
        },
        
        "developer_ecosystem": {
          "description": "Tools and resources for developer ecosystem growth",
          "components": [
            "SDK/library generation",
            "Code examples and tutorials",
            "Community support features",
            "Developer feedback system",
            "API versioning strategy"
          ],
          "technical_requirements": [
            "SDK generation tools",
            "Documentation system",
            "Community platform",
            "Feedback collection system"
          ],
          "success_metrics": [
            "Multiple language SDKs",
            "Comprehensive documentation",
            "Active developer community",
            "Regular API updates"
          ]
        }
      },
      
      "deliverables": [
        "API marketplace platform",
        "Usage-based billing system",
        "Developer ecosystem tools",
        "Professional API documentation",
        "Revenue generation system"
      ]
    }
  },
  
  "technical_architecture": {
    "frontend_enhancements": {
      "framework": "Vanilla JS + Tailwind CSS (maintain current stack)",
      "new_components": [
        "Real-time dashboard components",
        "Analytics visualization library",
        "Team collaboration interface",
        "API marketplace frontend"
      ],
      "performance_targets": [
        "Sub-second page loads",
        "Real-time updates without lag",
        "Mobile-responsive design",
        "Progressive web app capabilities"
      ]
    },
    
    "backend_extensions": {
      "api_expansion": [
        "Analytics and reporting endpoints",
        "Monitoring and alerting APIs",
        "User management and RBAC APIs",
        "Marketplace and billing APIs"
      ],
      "service_architecture": [
        "Analytics service (port 5001)",
        "Monitoring service (port 5002)", 
        "User management service (port 5003)",
        "Billing service (port 5004)"
      ],
      "database_enhancements": [
        "Analytics data warehouse",
        "User management schema",
        "Billing and usage tracking",
        "System metrics storage"
      ]
    },
    
    "infrastructure_scaling": {
      "containerization": "Extend current Docker setup with new services",
      "monitoring": "Prometheus + Grafana integration",
      "caching": "Redis for session management and performance",
      "database": "PostgreSQL with read replicas for analytics"
    }
  },
  
  "success_metrics": {
    "performance_kpis": [
      "Maintain 960.1 signals/sec streaming performance",
      "Sub-second dashboard updates",
      "99.9% system uptime",
      "Sub-100ms API response times"
    ],
    
    "business_kpis": [
      "Enable $99-$499/month pricing tiers",
      "Demonstrate enterprise-grade capabilities",
      "Support 100+ concurrent users",
      "Generate revenue through API marketplace"
    ],
    
    "technical_kpis": [
      "Zero critical security vulnerabilities",
      "100% test coverage for new features",
      "Comprehensive monitoring coverage",
      "Professional documentation quality"
    ]
  },
  
  "risk_mitigation": {
    "technical_risks": [
      {
        "risk": "Performance degradation with new features",
        "mitigation": "Careful load testing and performance monitoring",
        "fallback": "Feature flagging for quick rollback"
      },
      {
        "risk": "Database scaling issues",
        "mitigation": "Read replicas and caching strategy",
        "fallback": "Horizontal database sharding"
      },
      {
        "risk": "Frontend complexity management",
        "mitigation": "Component-based architecture and testing",
        "fallback": "Gradual rollout with feature flags"
      }
    ],
    
    "business_risks": [
      {
        "risk": "Feature scope creep",
        "mitigation": "Strict sprint planning and user feedback",
        "fallback": "MVP approach with iterative improvements"
      },
      {
        "risk": "Market fit uncertainty",
        "mitigation": "Early user testing and feedback collection",
        "fallback": "Pivot strategy based on user data"
      }
    ]
  },
  
  "next_steps": {
    "immediate_actions": [
      "Activate AdvancedFeatureArchitect specialist",
      "Begin Sprint 1: Advanced Analytics Dashboard",
      "Set up development tracking and metrics",
      "Create detailed Sprint 1 implementation plan"
    ],
    
    "preparation_tasks": [
      "Review current streaming pipeline for analytics integration",
      "Audit frontend component system for dashboard development",
      "Plan database schema extensions for analytics",
      "Set up development environment for new features"
    ],
    
    "success_validation": [
      "Demo real-time analytics dashboard",
      "Measure performance impact of new features",
      "Collect user feedback on new capabilities",
      "Validate enterprise readiness"
    ]
  }
} 