{
  "deployment_id": "DEPLOY_20250531_224628",
  "timestamp": "2025-05-31T22:46:29.332827",
  "status": "SUCCESS",
  "components_deployed": [
    "Secure A/B Testing API",
    "Production Database",
    "Environment Configuration",
    "Security Infrastructure"
  ],
  "security_features": [
    "JWT Authentication",
    "Rate Limiting",
    "Input Validation",
    "CORS Protection",
    "Secure Session Management",
    "Audit Logging"
  ],
  "endpoints": {
    "secure_api": "http://localhost:5001",
    "health_check": "http://localhost:5001/health",
    "auth": "http://localhost:5001/api/auth/login"
  },
  "next_steps": [
    "Configure SSL certificates for HTTPS",
    "Set up production monitoring",
    "Configure automated backups",
    "Set up CI/CD pipeline"
  ]
}