{
  "simulation_metadata": {
    "simulation_id": "220ebbca",
    "start_time": "2025-05-31T08:30:55.292334+00:00",
    "end_time": "2025-05-31T08:30:56.228500+00:00",
    "duration_seconds": 0.936166,
    "total_events": 34
  },
  "agent_validation_summary": {
    "total_agents": 11,
    "valid_agents": 11,
    "validation_rate": "100.0%",
    "detailed_results": {
      "api-security-agent": {
        "file_exists": true,
        "has_boomerang_logic": true,
        "has_handoff_protocol": true,
        "has_memory_integration": true,
        "has_reflexion_integration": true,
        "has_rule_type": true,
        "overall_valid": true
      },
      "backend-specialist": {
        "file_exists": true,
        "has_boomerang_logic": true,
        "has_handoff_protocol": true,
        "has_memory_integration": true,
        "has_reflexion_integration": true,
        "has_rule_type": true,
        "overall_valid": true
      },
      "backend": {
        "file_exists": true,
        "has_boomerang_logic": true,
        "has_handoff_protocol": true,
        "has_memory_integration": true,
        "has_reflexion_integration": true,
        "has_rule_type": true,
        "overall_valid": true
      },
      "frontend-specialist": {
        "file_exists": true,
        "has_boomerang_logic": true,
        "has_handoff_protocol": true,
        "has_memory_integration": true,
        "has_reflexion_integration": true,
        "has_rule_type": true,
        "overall_valid": true
      },
      "growth-hacker": {
        "file_exists": true,
        "has_boomerang_logic": true,
        "has_handoff_protocol": true,
        "has_memory_integration": true,
        "has_reflexion_integration": true,
        "has_rule_type": true,
        "overall_valid": true
      },
      "master-deployer": {
        "file_exists": true,
        "has_boomerang_logic": true,
        "has_handoff_protocol": true,
        "has_memory_integration": true,
        "has_reflexion_integration": true,
        "has_rule_type": true,
        "overall_valid": true
      },
      "memory-architect": {
        "file_exists": true,
        "has_boomerang_logic": true,
        "has_handoff_protocol": true,
        "has_memory_integration": true,
        "has_reflexion_integration": true,
        "has_rule_type": true,
        "overall_valid": true
      },
      "monetization-agent": {
        "file_exists": true,
        "has_boomerang_logic": true,
        "has_handoff_protocol": true,
        "has_memory_integration": true,
        "has_reflexion_integration": true,
        "has_rule_type": true,
        "overall_valid": true
      },
      "orchestrator": {
        "file_exists": true,
        "has_boomerang_logic": true,
        "has_handoff_protocol": true,
        "has_memory_integration": true,
        "has_reflexion_integration": true,
        "has_rule_type": true,
        "overall_valid": true
      },
      "product-strategist": {
        "file_exists": true,
        "has_boomerang_logic": true,
        "has_handoff_protocol": true,
        "has_memory_integration": true,
        "has_reflexion_integration": true,
        "has_rule_type": true,
        "overall_valid": true
      },
      "reflexion-agent": {
        "file_exists": true,
        "has_boomerang_logic": true,
        "has_handoff_protocol": true,
        "has_memory_integration": true,
        "has_reflexion_integration": true,
        "has_rule_type": true,
        "overall_valid": true
      }
    }
  },
  "flow_simulation_results": {
    "file_triggered_flow": {
      "flow_type": "file_triggered",
      "agents_involved": [
        "backend-specialist",
        "reflexion-agent",
        "product-strategist",
        "orchestrator"
      ],
      "handoffs_completed": 3,
      "status": "SUCCESS"
    },
    "boomerang_reactivation": {
      "reactivation_type": "boomerang_logic",
      "trigger_agent": "reflexion-agent",
      "resumed_agent": "backend-specialist",
      "status": "SUCCESS"
    },
    "orchestrator_rerouting": {
      "failure_type": "agent_timeout",
      "failed_agent": "frontend-specialist",
      "reroute_agent": "product-strategist",
      "orchestrator_response": "successful_rerouting",
      "status": "SUCCESS"
    }
  },
  "memory_system_status": {
    "current_context": {
      "exists": true,
      "readable": true,
      "size": 2840
    },
    "session_history": {
      "exists": true,
      "readable": true,
      "size": 7168
    },
    "agent_log": {
      "exists": true,
      "readable": true,
      "size": 34228
    },
    "working_memory": {
      "exists": true,
      "is_directory": true,
      "file_count": 3
    },
    "coordination": {
      "exists": true,
      "readable": true,
      "size": 1172
    }
  },
  "overall_system_health": {
    "agent_configuration": "PASS",
    "flow_coordination": "PASS",
    "memory_integration": "PASS",
    "overall_status": "OPERATIONAL"
  },
  "event_log": [
    {
      "timestamp": "2025-05-31T08:30:55.295598+00:00",
      "simulation_id": "220ebbca",
      "event_type": "AGENT_VALIDATION",
      "agent": "api-security-agent",
      "message": "Configuration validated",
      "status": "SUCCESS",
      "details": {
        "file_exists": true,
        "has_boomerang_logic": true,
        "has_handoff_protocol": true,
        "has_memory_integration": true,
        "has_reflexion_integration": true,
        "has_rule_type": true,
        "overall_valid": true
      }
    },
    {
      "timestamp": "2025-05-31T08:30:55.295598+00:00",
      "simulation_id": "220ebbca",
      "event_type": "AGENT_VALIDATION",
      "agent": "backend-specialist",
      "message": "Configuration validated",
      "status": "SUCCESS",
      "details": {
        "file_exists": true,
        "has_boomerang_logic": true,
        "has_handoff_protocol": true,
        "has_memory_integration": true,
        "has_reflexion_integration": true,
        "has_rule_type": true,
        "overall_valid": true
      }
    },
    {
      "timestamp": "2025-05-31T08:30:55.296830+00:00",
      "simulation_id": "220ebbca",
      "event_type": "AGENT_VALIDATION",
      "agent": "backend",
      "message": "Configuration validated",
      "status": "SUCCESS",
      "details": {
        "file_exists": true,
        "has_boomerang_logic": true,
        "has_handoff_protocol": true,
        "has_memory_integration": true,
        "has_reflexion_integration": true,
        "has_rule_type": true,
        "overall_valid": true
      }
    },
    {
      "timestamp": "2025-05-31T08:30:55.297979+00:00",
      "simulation_id": "220ebbca",
      "event_type": "AGENT_VALIDATION",
      "agent": "frontend-specialist",
      "message": "Configuration validated",
      "status": "SUCCESS",
      "details": {
        "file_exists": true,
        "has_boomerang_logic": true,
        "has_handoff_protocol": true,
        "has_memory_integration": true,
        "has_reflexion_integration": true,
        "has_rule_type": true,
        "overall_valid": true
      }
    },
    {
      "timestamp": "2025-05-31T08:30:55.297979+00:00",
      "simulation_id": "220ebbca",
      "event_type": "AGENT_VALIDATION",
      "agent": "growth-hacker",
      "message": "Configuration validated",
      "status": "SUCCESS",
      "details": {
        "file_exists": true,
        "has_boomerang_logic": true,
        "has_handoff_protocol": true,
        "has_memory_integration": true,
        "has_reflexion_integration": true,
        "has_rule_type": true,
        "overall_valid": true
      }
    },
    {
      "timestamp": "2025-05-31T08:30:55.299671+00:00",
      "simulation_id": "220ebbca",
      "event_type": "AGENT_VALIDATION",
      "agent": "master-deployer",
      "message": "Configuration validated",
      "status": "SUCCESS",
      "details": {
        "file_exists": true,
        "has_boomerang_logic": true,
        "has_handoff_protocol": true,
        "has_memory_integration": true,
        "has_reflexion_integration": true,
        "has_rule_type": true,
        "overall_valid": true
      }
    },
    {
      "timestamp": "2025-05-31T08:30:55.299671+00:00",
      "simulation_id": "220ebbca",
      "event_type": "AGENT_VALIDATION",
      "agent": "memory-architect",
      "message": "Configuration validated",
      "status": "SUCCESS",
      "details": {
        "file_exists": true,
        "has_boomerang_logic": true,
        "has_handoff_protocol": true,
        "has_memory_integration": true,
        "has_reflexion_integration": true,
        "has_rule_type": true,
        "overall_valid": true
      }
    },
    {
      "timestamp": "2025-05-31T08:30:55.302062+00:00",
      "simulation_id": "220ebbca",
      "event_type": "AGENT_VALIDATION",
      "agent": "monetization-agent",
      "message": "Configuration validated",
      "status": "SUCCESS",
      "details": {
        "file_exists": true,
        "has_boomerang_logic": true,
        "has_handoff_protocol": true,
        "has_memory_integration": true,
        "has_reflexion_integration": true,
        "has_rule_type": true,
        "overall_valid": true
      }
    },
    {
      "timestamp": "2025-05-31T08:30:55.302193+00:00",
      "simulation_id": "220ebbca",
      "event_type": "AGENT_VALIDATION",
      "agent": "orchestrator",
      "message": "Configuration validated",
      "status": "SUCCESS",
      "details": {
        "file_exists": true,
        "has_boomerang_logic": true,
        "has_handoff_protocol": true,
        "has_memory_integration": true,
        "has_reflexion_integration": true,
        "has_rule_type": true,
        "overall_valid": true
      }
    },
    {
      "timestamp": "2025-05-31T08:30:55.303359+00:00",
      "simulation_id": "220ebbca",
      "event_type": "AGENT_VALIDATION",
      "agent": "product-strategist",
      "message": "Configuration validated",
      "status": "SUCCESS",
      "details": {
        "file_exists": true,
        "has_boomerang_logic": true,
        "has_handoff_protocol": true,
        "has_memory_integration": true,
        "has_reflexion_integration": true,
        "has_rule_type": true,
        "overall_valid": true
      }
    },
    {
      "timestamp": "2025-05-31T08:30:55.304372+00:00",
      "simulation_id": "220ebbca",
      "event_type": "AGENT_VALIDATION",
      "agent": "reflexion-agent",
      "message": "Configuration validated",
      "status": "SUCCESS",
      "details": {
        "file_exists": true,
        "has_boomerang_logic": true,
        "has_handoff_protocol": true,
        "has_memory_integration": true,
        "has_reflexion_integration": true,
        "has_rule_type": true,
        "overall_valid": true
      }
    },
    {
      "timestamp": "2025-05-31T08:30:55.305375+00:00",
      "simulation_id": "220ebbca",
      "event_type": "FILE_TRIGGER",
      "agent": "system",
      "message": "Simulating backend file modification: src/api/server.py",
      "status": "SUCCESS",
      "details": {}
    },
    {
      "timestamp": "2025-05-31T08:30:55.305375+00:00",
      "simulation_id": "220ebbca",
      "event_type": "AGENT_ACTIVATION",
      "agent": "backend-specialist",
      "message": "Auto-triggered by file pattern match",
      "status": "SUCCESS",
      "details": {}
    },
    {
      "timestamp": "2025-05-31T08:30:55.406523+00:00",
      "simulation_id": "220ebbca",
      "event_type": "HANDOFF_INITIATED",
      "agent": "backend-specialist",
      "message": "Handing off to reflexion-agent for quality review",
      "status": "SUCCESS",
      "details": {}
    },
    {
      "timestamp": "2025-05-31T08:30:55.406523+00:00",
      "simulation_id": "220ebbca",
      "event_type": "HANDOFF_RECEIVED",
      "agent": "reflexion-agent",
      "message": "Received quality review task from backend-specialist",
      "status": "SUCCESS",
      "details": {}
    },
    {
      "timestamp": "2025-05-31T08:30:55.507550+00:00",
      "simulation_id": "220ebbca",
      "event_type": "HANDOFF_INITIATED",
      "agent": "reflexion-agent",
      "message": "Quality analysis complete, strategic review needed",
      "status": "SUCCESS",
      "details": {}
    },
    {
      "timestamp": "2025-05-31T08:30:55.507550+00:00",
      "simulation_id": "220ebbca",
      "event_type": "HANDOFF_RECEIVED",
      "agent": "product-strategist",
      "message": "Received strategic review task from reflexion-agent",
      "status": "SUCCESS",
      "details": {}
    },
    {
      "timestamp": "2025-05-31T08:30:55.609283+00:00",
      "simulation_id": "220ebbca",
      "event_type": "HANDOFF_INITIATED",
      "agent": "product-strategist",
      "message": "Strategic analysis complete, orchestrator coordination needed",
      "status": "SUCCESS",
      "details": {}
    },
    {
      "timestamp": "2025-05-31T08:30:55.609283+00:00",
      "simulation_id": "220ebbca",
      "event_type": "ORCHESTRATOR_COORDINATION",
      "agent": "orchestrator",
      "message": "Received coordination request from product-strategist",
      "status": "SUCCESS",
      "details": {}
    },
    {
      "timestamp": "2025-05-31T08:30:55.710183+00:00",
      "simulation_id": "220ebbca",
      "event_type": "TASK_COMPLETION",
      "agent": "orchestrator",
      "message": "Full agent flow completed successfully",
      "status": "SUCCESS",
      "details": {}
    },
    {
      "timestamp": "2025-05-31T08:30:55.710183+00:00",
      "simulation_id": "220ebbca",
      "event_type": "TASK_INTERRUPTION",
      "agent": "backend-specialist",
      "message": "Task interrupted due to timeout",
      "status": "WARNING",
      "details": {}
    },
    {
      "timestamp": "2025-05-31T08:30:55.911222+00:00",
      "simulation_id": "220ebbca",
      "event_type": "BOOMERANG_TRIGGER",
      "agent": "reflexion-agent",
      "message": "Detected incomplete task, initiating reactivation",
      "status": "SUCCESS",
      "details": {}
    },
    {
      "timestamp": "2025-05-31T08:30:55.911222+00:00",
      "simulation_id": "220ebbca",
      "event_type": "TASK_RESUMPTION",
      "agent": "backend-specialist",
      "message": "Resuming from last checkpoint via boomerang logic",
      "status": "SUCCESS",
      "details": {}
    },
    {
      "timestamp": "2025-05-31T08:30:56.013551+00:00",
      "simulation_id": "220ebbca",
      "event_type": "TASK_COMPLETION",
      "agent": "backend-specialist",
      "message": "Task completed after boomerang reactivation",
      "status": "SUCCESS",
      "details": {}
    },
    {
      "timestamp": "2025-05-31T08:30:56.013551+00:00",
      "simulation_id": "220ebbca",
      "event_type": "AGENT_FAILURE",
      "agent": "frontend-specialist",
      "message": "Agent failed during UI update task",
      "status": "ERROR",
      "details": {}
    },
    {
      "timestamp": "2025-05-31T08:30:56.116133+00:00",
      "simulation_id": "220ebbca",
      "event_type": "FAILURE_DETECTION",
      "agent": "orchestrator",
      "message": "Detected frontend-specialist failure",
      "status": "WARNING",
      "details": {}
    },
    {
      "timestamp": "2025-05-31T08:30:56.116133+00:00",
      "simulation_id": "220ebbca",
      "event_type": "TASK_REROUTING",
      "agent": "orchestrator",
      "message": "Rerouting UI task to backup specialist",
      "status": "SUCCESS",
      "details": {}
    },
    {
      "timestamp": "2025-05-31T08:30:56.116133+00:00",
      "simulation_id": "220ebbca",
      "event_type": "AGENT_ACTIVATION",
      "agent": "product-strategist",
      "message": "Activated as backup for UI strategy",
      "status": "SUCCESS",
      "details": {}
    },
    {
      "timestamp": "2025-05-31T08:30:56.217995+00:00",
      "simulation_id": "220ebbca",
      "event_type": "TASK_COMPLETION",
      "agent": "product-strategist",
      "message": "UI strategy task completed via rerouting",
      "status": "SUCCESS",
      "details": {}
    },
    {
      "timestamp": "2025-05-31T08:30:56.221463+00:00",
      "simulation_id": "220ebbca",
      "event_type": "MEMORY_VALIDATION",
      "agent": "memory-architect",
      "message": "Memory file validated: memory/current-context.json",
      "status": "SUCCESS",
      "details": {}
    },
    {
      "timestamp": "2025-05-31T08:30:56.223444+00:00",
      "simulation_id": "220ebbca",
      "event_type": "MEMORY_VALIDATION",
      "agent": "memory-architect",
      "message": "Memory file validated: memory/session-history.json",
      "status": "SUCCESS",
      "details": {}
    },
    {
      "timestamp": "2025-05-31T08:30:56.224983+00:00",
      "simulation_id": "220ebbca",
      "event_type": "MEMORY_VALIDATION",
      "agent": "memory-architect",
      "message": "Memory file validated: memory/agent-log.jsonl",
      "status": "SUCCESS",
      "details": {}
    },
    {
      "timestamp": "2025-05-31T08:30:56.224983+00:00",
      "simulation_id": "220ebbca",
      "event_type": "MEMORY_VALIDATION",
      "agent": "memory-architect",
      "message": "Memory directory validated: working-memory/ (3 files)",
      "status": "SUCCESS",
      "details": {}
    },
    {
      "timestamp": "2025-05-31T08:30:56.227225+00:00",
      "simulation_id": "220ebbca",
      "event_type": "MEMORY_VALIDATION",
      "agent": "memory-architect",
      "message": "Memory file validated: working-memory/agent-coordination.json",
      "status": "SUCCESS",
      "details": {}
    }
  ],
  "recommendations": [
    "System is fully operational - no immediate actions required"
  ]
}