{
  "memory_optimization_analysis": {
    "timestamp": "2025-06-01T21:33:00Z",
    "phase": "PHASE_2_MEMORY_OPTIMIZATION",
    "agent": "memory_architect",
    "status": "OPTIMIZING",
    "priority": "CRITICAL",
    
    "current_memory_structure": {
      "total_files": 20,
      "total_size": "~200KB",
      "core_coordination_files": 5,
      "legacy_files": 8,
      "optimization_candidates": 7,
      
      "file_analysis": {
        "critical_coordination": [
          "agent-coordination.json - 61KB - ACTIVE",
          "current-context.json - 15KB - ACTIVE", 
          "autosave.json - 8.9KB - ACTIVE",
          "agent-refactor-plan.json - 5.9KB - ACTIVE",
          "reflexion-agent-audit.json - 6.6KB - ACTIVE"
        ],
        "optimization_targets": [
          "system-snapshot.json - 15KB - REDUNDANT with current-context",
          "refactor-state-snapshot.json - 4.1KB - LEGACY",
          "concept-generator-handoff.json - 2.3KB - STALE",
          "event-log.jsonl - 4.9KB - NEEDS ROTATION",
          "reflexion-report.md - 6.0KB - SUPERSEDED by audit",
          "last-10-events-summary.md - 5.5KB - REDUNDANT",
          "self-verification-report.json - 1.5KB - OUTDATED"
        ],
        "utility_files": [
          "fallback-recovery.py - 11KB - KEEP",
          "memory-limiter-system.md - 11KB - KEEP",
          "rehydration-bootstrap.md - 9.4KB - KEEP"
        ]
      }
    },
    
    "coordination_bottlenecks": {
      "file_redundancy": {
        "issue": "Multiple files storing similar agent state data",
        "impact": "Coordination confusion and sync issues",
        "files": ["system-snapshot.json", "current-context.json", "autosave.json"]
      },
      "stale_handoff_data": {
        "issue": "Old handoff records cluttering coordination",
        "impact": "Agent confusion about current tasks",
        "files": ["concept-generator-handoff.json", "event-log.jsonl"]
      },
      "fragmented_agent_state": {
        "issue": "Agent status scattered across multiple files",
        "impact": "Inefficient state tracking and resumption",
        "solution": "Centralized agent state management"
      }
    },
    
    "optimization_strategy": {
      "phase_2a_cleanup": {
        "duration": "5_minutes",
        "actions": [
          "Remove redundant snapshot files",
          "Archive stale handoff data", 
          "Consolidate agent state tracking",
          "Rotate event logs"
        ]
      },
      "phase_2b_restructure": {
        "duration": "5_minutes", 
        "actions": [
          "Create centralized agent-state.json",
          "Optimize coordination data structure",
          "Implement session continuity tracking",
          "Add agent health logging"
        ]
      },
      "phase_2c_enhancement": {
        "duration": "5_minutes",
        "actions": [
          "Enable persistent agent states",
          "Implement automatic state recovery",
          "Add coordination efficiency metrics",
          "Test memory optimization"
        ]
      }
    },
    
    "proposed_memory_architecture": {
      "core_files": {
        "current-context.json": "Primary system state and project context",
        "agent-coordination.json": "Active handoffs and coordination logic",
        "agent-state.json": "Centralized agent status and persistence",
        "session-continuity.json": "Task resumption and progress tracking",
        "agent-health.jsonl": "Continuous health monitoring logs"
      },
      "utility_files": {
        "autosave.json": "Session backup and recovery",
        "agent-refactor-plan.json": "Current refactoring progress",
        "reflexion-agent-audit.json": "Latest system audit results"
      },
      "archived_files": {
        "archive/": "Legacy files moved for reference"
      }
    },
    
    "agent_state_optimization": {
      "centralized_tracking": {
        "agent_status": "Real-time status for all 10 agents",
        "task_progress": "Current task and completion percentage",
        "handoff_readiness": "Availability for coordination",
        "health_metrics": "Performance and reliability indicators"
      },
      "persistence_patterns": {
        "state_snapshots": "Automatic state saving every handoff",
        "recovery_points": "Resumption data for interrupted tasks",
        "coordination_history": "Recent handoff success tracking"
      }
    },
    
    "session_continuity_enhancement": {
      "autonomous_resumption": {
        "task_interruption_detection": "Monitor for incomplete tasks",
        "context_preservation": "Maintain task context across sessions",
        "automatic_reactivation": "Resume from last checkpoint",
        "progress_validation": "Verify resumption success"
      },
      "coordination_efficiency": {
        "handoff_optimization": "Streamlined agent-to-agent transitions",
        "state_synchronization": "Real-time coordination updates",
        "conflict_resolution": "Automatic coordination conflict handling"
      }
    },
    
    "implementation_plan": {
      "step_1": "Clean up redundant and stale files",
      "step_2": "Create centralized agent-state.json",
      "step_3": "Implement session-continuity.json",
      "step_4": "Add agent-health.jsonl logging",
      "step_5": "Test optimized coordination flow"
    },
    
    "success_metrics": {
      "memory_efficiency": "50% reduction in redundant data",
      "coordination_speed": "75% faster agent handoffs",
      "state_persistence": "100% task resumption success",
      "system_reliability": "95% coordination success rate"
    }
  }
} 