{
  "test_timestamp": "2025-05-29T21:21:27.317958+00:00",
  "test_type": "reflexive_boot_test",
  "diagnostic_results": {
    "orchestrator": {
      "agent": "orchestrator",
      "status": "PASS",
      "checks": {
        "boomerang_logic_present": true,
        "handoff_protocol_defined": true,
        "memory_integration_active": true,
        "coordination_capabilities": true
      },
      "timestamp": "2025-05-29T21:21:27.317958+00:00"
    },
    "reflexion_agent": {
      "agent": "reflexion_agent",
      "status": "PASS",
      "checks": {
        "system_monitoring_active": true,
        "quality_metrics_available": true,
        "self_healing_enabled": true,
        "recursive_repair_functional": true
      },
      "timestamp": "2025-05-29T21:21:27.317958+00:00"
    },
    "memory_system": {
      "component": "memory_system",
      "status": "PASS",
      "checks": {
        "persistent_memory_intact": true,
        "working_memory_accessible": true,
        "memory_write_permissions": true,
        "memory_schema_valid": true
      },
      "timestamp": "2025-05-29T21:21:27.317958+00:00"
    },
    "handoff_protocols": {
      "component": "handoff_protocols",
      "status": "PASS",
      "checks": {
        "handoff_targets_defined": true,
        "coordination_logic_active": true,
        "session_tracking_enabled": true,
        "agent_availability_verified": true
      },
      "timestamp": "2025-05-29T21:21:27.317958+00:00"
    }
  },
  "overall_status": "PASS"
}